ticker,company,title,date,source
BNP.PA,BNP Paribas,BNP Paribas : une faible valorisation ? - Boursier.com,2026-01-26,Boursier.com
BNP.PA,BNP Paribas,Tonne d'avantages et 270 euros d'avantages offerts : BNP Paribas fait fort - BFM,2026-01-27,BFM
BNP.PA,BNP Paribas,BNP Paribas AM conclut une bonne année de collecte - Les Echos,2026-01-26,Les Echos
BNP.PA,BNP Paribas,"Les changements de recommandations : Hermès, LVMH, BNP Paribas - Boursorama",2026-01-26,Boursorama
BNP.PA,BNP Paribas,"Cac 40 : Totalenergies, Sanofi, BNP Paribas, Axa, LVMH… Voici les groupes du CAC 40 qui ont le plus rendu de cash à leurs actionnaires en 2025 - BFM Bourse",2026-01-25,BFM Bourse
BNP.PA,BNP Paribas,OPEN END TURBO OPTIONSSCHEIN - LEGRAND : Vente du turbo CALL BNP Paribas 00P5B (+10.25%) - Zonebourse Suisse,2026-01-27,Zonebourse Suisse
BNP.PA,BNP Paribas,270 euros : c’est le montant des avantages offerts par cette banque mythique pour tout ouverture de compte - leparisien.fr,2026-01-27,leparisien.fr
BNP.PA,BNP Paribas,Avis BNP Paribas : Santander relève son objectif de cours - Idéal Investisseur,2026-01-26,Idéal Investisseur
BNP.PA,BNP Paribas,Assurance vie BNP Paribas Cardif : les taux des fonds euros restent stables en moyenne en 2025 #Taux2025 - FranceTransactions.com,2026-01-26,FranceTransactions.com
BNP.PA,BNP Paribas,Vous cherchez une banque en ligne ? BNP Paribas séduit les internautes avec ces avantages offerts - BFM,2026-01-26,BFM
GLE.PA,Société Générale,Télétravail : nouvelle passe d'armes chez Société Générale - Les Echos,2026-01-27,Les Echos
GLE.PA,Société Générale,"L’éducation, au cœur de notre engagement collectif - Groupe Société Générale",2026-01-26,Groupe Société Générale
GLE.PA,Société Générale,Société Générale : encore des ajustements - Boursier.com,2026-01-27,Boursier.com
GLE.PA,Société Générale,Fin annoncée pour la Société Générale : la banque prévoit la fermeture de plusieurs agences d’ici 2026 - letribunaldunet,2026-01-27,letribunaldunet
GLE.PA,Société Générale,"EN DIRECT - Kokou Agbo-Bloua, responsable de la recherche économique chez Société Générale CIB - BFM",2026-01-27,BFM
GLE.PA,Société Générale,Société Générale range son IA maison au placard et mise sur Microsoft Copilot - Journal du Geek,2026-01-24,Journal du Geek
GLE.PA,Société Générale,"Avis d'analystes France : UBS revalorise Société Générale et Crédit Agricole, Citi se lance sur Sanofi - Zonebourse Suisse",2026-01-27,Zonebourse Suisse
GLE.PA,Société Générale,"Société Générale : GROS chamboule-tout dans vos agences, tarifs, RIB... Ce qui change en 2026 - NextPlz",2026-01-25,NextPlz
GLE.PA,Société Générale,Avis Société Générale : Mediobanca relève sa cible - Idéal Investisseur,2026-01-27,Idéal Investisseur
GLE.PA,Société Générale,"Kokou Agbo-Bloua, responsable de la recherche économique, multi-actifs et quantitative Société Générale - 27/01 - BFM",2026-01-27,BFM
ACA.PA,Crédit Agricole,Comment Crédit Agricole veut capter l'épargne des Allemands - Les Echos,2026-01-26,Les Echos
ACA.PA,Crédit Agricole,"""C’est la goutte d’eau qui fait déborder le vase"" : le Crédit Agricole en grève pour de meilleures rémunérations - ladepeche.fr",2026-01-26,ladepeche.fr
ACA.PA,Crédit Agricole,Crédit Agricole : fait des bonds - Boursier.com,2026-01-27,Boursier.com
ACA.PA,Crédit Agricole,Le projet immobilier du Crédit agricole de Ménerbes contrarié par la justice en raison d'arbres protégés - laprovence.com,2026-01-27,laprovence.com
ACA.PA,Crédit Agricole,"Siegfried augmente la dose, Crédit Agricole capitalise… Dr. Martens trébuche - Zonebourse",2026-01-27,Zonebourse
ACA.PA,Crédit Agricole,Votez pour le Joueur du mois de janvier 2026 Crédit Agricole Alsace Vosges - Racing Club de Strasbourg Alsace,2026-01-27,Racing Club de Strasbourg Alsace
ACA.PA,Crédit Agricole,"Avis d'analystes France : UBS revalorise Société Générale et Crédit Agricole, Citi se lance sur Sanofi - Boursorama",2026-01-27,Boursorama
ACA.PA,Crédit Agricole,L’argent des clients du Crédit Agricole reste en sécurité - 24matins,2026-01-27,24matins
ACA.PA,Crédit Agricole,"Le Crédit Agricole, fort de son réseau d’incubateur le Village by CA, devient partenaire de la Technopole - lest-eclair.fr",2026-01-26,lest-eclair.fr
ACA.PA,Crédit Agricole,La grève au Crédit Agricole met-elle en péril l’épargne des clients ? On vous explique pourquoi il ne faut pas paniquer - Yahoo Actualités,2026-01-24,Yahoo Actualités
MC.PA,LVMH,"Lvmh : Lesté par le repli des ventes de la mode et maroquinerie, le bénéfice net de LVMH a chuté de 13% en 2025 - BFM Bourse",2026-01-26,BFM Bourse
MC.PA,LVMH,"Pilier de la mode chez LVMH, Dior parie sur un rebond en 2026 - Les Echos",2026-01-27,Les Echos
MC.PA,LVMH,Les ventes trimestrielles de LVMH progressent grâce à l'amélioration de la situation en Chine - Boursorama,2026-01-27,Boursorama
MC.PA,LVMH,"Des résultats 2025 en recul pour LVMH après une année ""agitée""... - Fortuneo",2026-01-27,Fortuneo
MC.PA,LVMH,LVMH confirme sa bonne résistance dans un marché du luxe dégradé - Le Figaro,2026-01-27,Le Figaro
MC.PA,LVMH,"LVMH : un résultat net de 10,9 MdsE en 2025 - Boursier.com",2026-01-27,Boursier.com
MC.PA,LVMH,LVMH : des investisseurs réclament plus de clarté sur le plan de succession de Bernard Arnault - FashionNetwork.com,2026-01-26,FashionNetwork.com
MC.PA,LVMH,LVMH : la succession de Bernard Arnault interroge - BFM,2026-01-27,BFM
MC.PA,LVMH,"Lvmh : La famille Arnault va dépasser le seuil des 50% du capital de LVMH ""dans le début de cette année"" - BFM Bourse",2026-01-26,BFM Bourse
MC.PA,LVMH,"""L'espoir que le pire soit passé"": LVMH ouvre la saison des résultats avec un recul des ventes attendu mais veut tirer un trait sur 2025 (le millésime 2026 étant prometteur dans le luxe) - BFM",2026-01-27,BFM
CS.PA,AXA,"Gilles Moëc (AXA) : ""Ce sont les petits investisseurs qui poussent l'or au plus haut !"" - Boursorama",2026-01-27,Boursorama
CS.PA,AXA,Le géant de l'assurance AXA XL et Enosis Capital concluent un partenariat « dette contre nature - Zonebourse Suisse,2026-01-27,Zonebourse Suisse
CS.PA,AXA,"Après l'intégration d'AXA IM, BNP Paribas lance un plan de départs volontaires dans la gestion d'actifs - Les Echos",2026-01-22,Les Echos
CS.PA,AXA,"Cac 40 : Totalenergies, Sanofi, BNP Paribas, Axa, LVMH… Voici les groupes du CAC 40 qui ont le plus rendu de cash à leurs actionnaires en 2025 - BFM Bourse",2026-01-25,BFM Bourse
CS.PA,AXA,AXA Élite 1 : Lina Queyroi s'attend à « un gros combat » pour le Stade Toulousain à Romagnat - Rugby Scope,2026-01-27,Rugby Scope
CS.PA,AXA,AVC : le projet RECOVER soutenu par le Fonds AXA pour le Progrès humain - Institut du Cerveau,2026-01-23,Institut du Cerveau
CS.PA,AXA,BNP Paribas entre dans le dur de l'intégration des équipes d'Axa Investment Managers - La Lettre,2026-01-22,La Lettre
CS.PA,AXA,Négociations salariales : FO signe chez AXA et sécurise les mesures générales - Force Ouvrière,2026-01-15,Force Ouvrière
CS.PA,AXA,"Après la fusion avec Axa IM dans la gestion d’actifs, BNP Paribas prépare un plan de départs volontaires - Le Figaro",2026-01-22,Le Figaro
CS.PA,AXA,"BNP Paribas prévoit de supprimer 1.200 emplois dans le monde, soit 20% de ses effectifs dans la gestion d'actifs - BFM",2026-01-22,BFM
ORA.PA,Orange,"Orange coupe définitivement l’ADSL et le téléphone de 763 communes, dont le 6ᵉ arrondissement de Lyon et Ajaccio - Le Monde.fr",2026-01-26,Le Monde.fr
ORA.PA,Orange,"CARTE. Météo : de quatre à sept départements, la vigilance orange gagne du terrain avec un deuxième phénomène à surveiller - centrepresseaveyron.fr",2026-01-27,centrepresseaveyron.fr
ORA.PA,Orange,"DIRECT. Crues et inondations : la vigilance orange en Bretagne prolongée, des records de pluie dans plusieurs communes - Ouest-France",2026-01-27,Ouest-France
ORA.PA,Orange,"Maire d'Orange inéligible : ""Nous sommes les meilleurs candidats pour reprendre la ville"", affirme le candidat RN - Radio France",2026-01-27,Radio France
ORA.PA,Orange,"Trump, l’économie du chaos : vos questions à Martine Orange - Mediapart",2026-01-26,Mediapart
ORA.PA,Orange,"Météo : trois départements des Alpes placés en vigilance orange ""avalanches"", la Bretagne maintenue en alerte crues - RTL.fr",2026-01-27,RTL.fr
ORA.PA,Orange,Trois départements placés en vigilance orange pour risque d'avalanches - BFM,2026-01-27,BFM
ORA.PA,Orange,Vigilance orange avalanche dans les Alpes Maritimes - francebleu.fr,2026-01-27,francebleu.fr
ORA.PA,Orange,Le jus d’orange brésilien a redessiné la flotte des navires de transport spécialisés - Mer et Marine,2026-01-25,Mer et Marine
ORA.PA,Orange,Internet : le retard de l’arrivée de la fibre optique oblige Orange à reporter la fermeture commerciale de son réseau ADSL - Le Monde.fr,2026-01-06,Le Monde.fr
RF.PA,Eurazeo,"EURAZEO : Sous les résistances, une consolidation est probable - Boursorama",2026-01-27,Boursorama
RF.PA,Eurazeo,Karine Bostyn a acquis des titres Eurazeo - Boursier.com,2026-01-22,Boursier.com
RF.PA,Eurazeo,Eurazeo conclut un accord exclusif avec L Catterton - Finyear,2026-01-23,Finyear
RF.PA,Eurazeo,McDermott Will & Schulte conseille Eurazeo dans le cadre de la conclusion d’un accord exclusif pour la cession de sa participation dans EX NIHILO à L Catterton - Le Monde du Droit,2026-01-26,Le Monde du Droit
RF.PA,Eurazeo,"Le titre Eurazeo sous pression, entre doutes sectoriels et lenteur du déploiement de la stratégie - Les Echos",2025-12-11,Les Echos
RF.PA,Eurazeo,Eurazeo investit 192 millions d'euros dans l'allemand terralayr - Idéal Investisseur,2026-01-19,Idéal Investisseur
RF.PA,Eurazeo,Eurazeo investit dans PCG Power... - Fortuneo,2026-01-21,Fortuneo
RF.PA,Eurazeo,Eurazeo accompagne l’essor de Valto et renforce sa stratégie de dette privée au service de la formation réglementaire - ZoomInvest,2026-01-16,ZoomInvest
RF.PA,Eurazeo,Eurazeo revend à L Catterton ses parts dans le parfumeur Ex Nihilo - L'Agefi,2026-01-20,L'Agefi
RF.PA,Eurazeo,"Morgan Lewis conseille Eurazeo, Trocadero Capital Partners et Bpifrance dans leur réinvestissement au capital d’Eowin - Morgan Lewis",2025-11-24,Morgan Lewis
MF.PA,Wendel,"L’audacieux ""BaRcoDe"" de l'architecte sonore Ben Wendel - Radio France",2026-01-27,Radio France
MF.PA,Wendel,Wendel Invest. le virage stratégique de l'asset management se précise - ABC Bourse,2026-01-27,ABC Bourse
MF.PA,Wendel,Stiring-Wendel | Nécrologie. Mme Françoise Baumert - republicain-lorrain.fr,2026-01-27,republicain-lorrain.fr
MF.PA,Wendel,Journée en légère hausse pour Wendel - Boursier.com,2026-01-23,Boursier.com
MF.PA,Wendel,WENDEL : L'indécision domine - Boursorama,2026-01-26,Boursorama
MF.PA,Wendel,"Action Wendel bondit de 6,8 % à l'ouverture, portée par l'annonce d'un retour aux actionnaires - Idéal Investisseur",2025-12-12,Idéal Investisseur
MF.PA,Wendel,Wendel – Forte poussée dans la gestion pour compte de tiers - News Asset Pro,2026-01-19,News Asset Pro
MF.PA,Wendel,Wendel en pleine offensive de charme XXL auprès de ses actionnaires - Les Echos,2025-12-12,Les Echos
MF.PA,Wendel,« Nous avons créé les conditions d’une croissance solide » : Wendel poursuit sa transformation en gestionnaire d’actifs - Challenges,2025-12-12,Challenges
MF.PA,Wendel,Wendel mise sur IK pour dynamiser sa gestion pour compte propre - cfnews.net,2026-01-13,cfnews.net
TTE.PA,TotalEnergies,TotalEnergies : contrat de 10 ans d'électricité renouvelable avec le papetier SWM - Boursier.com,2026-01-27,Boursier.com
TTE.PA,TotalEnergies,"Malgré des bénéfices de 15 milliards d'euros, TotalEnergies n'augmentera pas ses salaires - France Info",2026-01-27,France Info
TTE.PA,TotalEnergies,"TotalEnergies va investir 6,8 millions d’euros dans cette station-service des Côtes-d’Armor sur la RN12 - Ouest-France",2026-01-26,Ouest-France
TTE.PA,TotalEnergies,Recyclage du plastique : la grande arnaque de TotalEnergies - Mediapart,2026-01-27,Mediapart
TTE.PA,TotalEnergies,"Cac 40 : Totalenergies, Sanofi, BNP Paribas, Axa, LVMH… Voici les groupes du CAC 40 qui ont le plus rendu de cash à leurs actionnaires en 2025 - BFM Bourse",2026-01-25,BFM Bourse
TTE.PA,TotalEnergies,TotalEnergies : du nouveau en Libye - Boursier.com,2026-01-26,Boursier.com
TTE.PA,TotalEnergies,"TotalEnergies va doper ses investissements en Libye, le titre monte - Les Echos",2026-01-26,Les Echos
TTE.PA,TotalEnergies,Totalenergies : TotalEnergies prolonge les concessions de Waha jusqu’à 2050 pour en accroître la production - BFM Bourse,2026-01-26,BFM Bourse
TTE.PA,TotalEnergies,"TotalEnergies, meilleure opportunité pour le T1 ? Solide dividende et fort potentiel - Investing.com France",2026-01-27,Investing.com France
TTE.PA,TotalEnergies,"Sur la N12, TotalEnergies annonce une rénovation de la station multiservices de Coëtmieux pour 6,8 M - letelegramme.fr",2026-01-26,letelegramme.fr
ENGI.PA,Engie,Réseau de chaleur parisien : Engie dépose des recours pour faire annuler le contrat de Dalkia - Le Monde.fr,2026-01-26,Le Monde.fr
ENGI.PA,Engie,Engie dépose un recours dans le dossier d’attribution du réseau de chauffage urbain à Paris - Le Figaro,2026-01-26,Le Figaro
ENGI.PA,Engie,Engie ouvre un gigantesque parc de batteries - BFM,2026-01-26,BFM
ENGI.PA,Engie,HRS : une avancée dans le partenariat avec Toyota Motor Europe et ENGIE Lab CRIGEN... - Fortuneo,2026-01-26,Fortuneo
ENGI.PA,Engie,ENGIE : Attendre une correction pour se positionner - Boursorama,2026-01-26,Boursorama
ENGI.PA,Engie,"HYDROGEN REFUELING SOLUTIONS (HRS) : HRS, TOYOTA MOTOR EUROPE ET ENGIE FRANCHISSENT UNE ÉTAPE CLÉ DANS LE DÉVE - Boursorama",2026-01-26,Boursorama
ENGI.PA,Engie,Transition énergétique: un méga parc de batteries inauguré en Belgique par Engie - Boursorama,2026-01-26,Boursorama
ENGI.PA,Engie,L’Engie Open reprend du service à Andrézieux-Bouthéon - if-saint-etienne.fr,2026-01-27,if-saint-etienne.fr
ENGI.PA,Engie,"Offre Elec Référence 3 ans Engie : tarifs, prix du kWh, grille tarifaire - JeChange.fr",2026-01-23,JeChange.fr
ENGI.PA,Engie,"HRS, Toyota Motor Europe et ENGIE franchissent une nouvelle étape dans le ravitaillement hydrogène - JDL groupe",2026-01-26,JDL groupe
AIR.PA,Airbus,L'Airbus Beluga ST bientôt accessible au grand public : un géant du ciel s'installe au musée Aéroscopia - Air Journal,2026-01-26,Air Journal
AIR.PA,Airbus,Airbus annonce le lancement d'un satellite révolutionnaire pour l'observation de la Terre - Actu.fr,2026-01-27,Actu.fr
AIR.PA,Airbus,L'accélération des livraisons de Boeing fait bondir son chiffre d'affaires - Les Echos,2026-01-27,Les Echos
AIR.PA,Airbus,Un Airbus A380 effectue deux vols entre les États-Unis et l'Australie avant de retrouver un outil dans l'aile gauche - France 3 Régions,2026-01-27,France 3 Régions
AIR.PA,Airbus,Pénurie d’avions en Russie : les Airbus et les Boeing remplacés par des modèles de l’URSS - Capital.fr,2026-01-26,Capital.fr
AIR.PA,Airbus,Airbus : Guillaume Faury alerte sur les risques géopolitiques et le protectionnisme américain - La Tribune,2026-01-26,La Tribune
AIR.PA,Airbus,Airbus a enregistré 536 commandes nettes d'hélicoptères et livré 392 appareils en 2025 - Les Echos,2026-01-26,Les Echos
AIR.PA,Airbus,Comment Airbus ouvre la voie à la fabrication aéronautique grâce à l’impression 3D en titane - AeroMorning.com,2026-01-27,AeroMorning.com
AIR.PA,Airbus,Airbus : le premier vol de l’A350-1000 ULR approche avec la livraison des moteurs Rolls-Royce - ladepeche.fr,2026-01-26,ladepeche.fr
AIR.PA,Airbus,"Airbus, ID Logistics, Serge Ferrari...les valeurs à suivre demain à Paris - - Boursorama",2026-01-26,Boursorama
AI.PA,Air Liquide,"Air Liquide perd 0,27% - Boursier.com",2026-01-27,Boursier.com
AI.PA,Air Liquide,"Air Liquide, LVMH, Schneider Electric, Trigano... Le potentiel de 70 actions françaises vu par la rédaction du Figaro Bourse - Le Figaro Bourse",2026-01-27,Le Figaro Bourse
AI.PA,Air Liquide,AIR LIQUIDE : Peu de risque à moyen terme - Boursorama,2026-01-15,Boursorama
AI.PA,Air Liquide,"Après une année noire en 2025, la filière de l'hydrogène vert veut voir l'avenir en rose - Les Echos",2026-01-27,Les Echos
AI.PA,Air Liquide,"Air Liquide résilience opérationnelle, mais vigilance sur la tendance boursière - ABC Bourse",2026-01-13,ABC Bourse
AI.PA,Air Liquide,Finalisation de l'acquisition DIG Airgas : Air Liquide devient le leader des gaz industriels sur le marché dynamique sud-coréen - Air Liquide,2026-01-13,Air Liquide
AI.PA,Air Liquide,Action Air Liquide : est-ce le moment d’investir en 2026 ? - Cafédelabourse,2026-01-14,Cafédelabourse
AI.PA,Air Liquide,"Action Air Liquide : une année 2025 à contre-courant du CAC 40, entre turbulences de change et résilience opérationnelle - Idéal Investisseur",2025-12-31,Idéal Investisseur
AI.PA,Air Liquide,Bourse : 3 actions à potentiel sur lesquelles investir pour 2026 selon Auris Gestion - Capital.fr,2026-01-22,Capital.fr
AI.PA,Air Liquide,Journée à l'équilibre pour Air Liquide - Boursier.com,2026-01-26,Boursier.com
KER.PA,Kering,"Kering baisse de 0,38 % ce lundi 26 janvier, Jefferies abaisse son objectif à 290 euros - Idéal Investisseur",2026-01-26,Idéal Investisseur
KER.PA,Kering,Luca de Meo distille des éléments de sa vision de l'innovation pour Kering - FashionNetwork.com,2026-01-23,FashionNetwork.com
KER.PA,Kering,"Chez Kering, l'année de Meo - Les Echos",2026-01-02,Les Echos
KER.PA,Kering,"Bourse - Kering gagne 1,7% après l'annonce de l'achat par Anta Sports d'une participation de 29% dans Puma auprès de la famille Pinault - Zonebourse",2026-01-27,Zonebourse
KER.PA,Kering,La famille Pinault vend ses actions Puma au groupe chinois Anta Sports - Ouest-France,2026-01-27,Ouest-France
KER.PA,Kering,"LVMH, Hermès, Kering… En Bourse, les actions du luxe du CAC 40 vont-elles encore plonger - Capital.fr",2026-01-21,Capital.fr
KER.PA,Kering,Haute couture : l’heure de vérité pour Matthieu Blazy chez Chanel - Stratégies,2026-01-27,Stratégies
KER.PA,Kering,"La famille française Pinault vend sa participation dans Puma, qui devient chinois - Presse-citron",2026-01-27,Presse-citron
KER.PA,Kering,Kering et L'Oréal scellent une alliance dans le domaine de la beauté et du bien-être - loreal.com,2025-10-19,loreal.com
KER.PA,Kering,"Il l'avait acheté en 2024 seulement: plombé par sa dette financière, Kering revend 60% de son immeuble de la prestigieuse cinquième avenue à New York - BFM",2025-12-16,BFM
RMS.PA,Hermès,"Hermes intl : Séduite par son exposition à la clientèle ultra-aisée, Jefferies recommande désormais d'acheter l'action Hermès - BFM Bourse",2026-01-26,BFM Bourse
RMS.PA,Hermès,"De Hermès à la filature Desurmont, un «système criminel» soupçonné d’avoir escroqué de prestigieux et plantureux héritages - Libération",2026-01-26,Libération
RMS.PA,Hermès,"Chez Hermès, la mode fait ses adieux affectueux à Véronique Nichanian - FashionNetwork.com",2026-01-25,FashionNetwork.com
RMS.PA,Hermès,"Seules 13 maisons en France ont le prestigieux label ""haute couture"" mais ni Hermès, ni Yves Saint Laurent ne l'ont: quels sont les critères drastiques qui permettent de l'obtenir? - BFM",2026-01-26,BFM
RMS.PA,Hermès,"Avis d'analystes : changements pour LVMH, BNP Paribas, Hermès... - Idéal Investisseur",2026-01-26,Idéal Investisseur
RMS.PA,Hermès,"Usher, Travis Scott, Cyril Lignac… Les stars réunies au Palais Brongniart pour un défilé Hermès inoubliable - Gala",2026-01-25,Gala
RMS.PA,Hermès,"A la fashion week homme de Paris, l’ultime leçon d’élégance de Véronique Nichanian chez Hermès - Le Monde.fr",2026-01-25,Le Monde.fr
RMS.PA,Hermès,"« J’ai fait ce que j’ai pu, pour les hommes et pour Hermès, avec une liberté de créer totale » : le défilé des adieux de Véronique Nichanian - Le Figaro",2026-01-25,Le Figaro
RMS.PA,Hermès,"Le dernier salut de Véronique Nichanian chez Hermès, sous une standing ovation - ELLE",2026-01-25,ELLE
RMS.PA,Hermès,"Hermès progresse, Jefferies repasse à l'achat - Zonebourse Suisse",2026-01-26,Zonebourse Suisse
VIE.PA,Veolia,Comment Veolia filtre les PFAS pour en débarrasser l'eau potable - Les Echos,2026-01-27,Les Echos
VIE.PA,Veolia,Trier mieux pour payer moins : la recette du Club Indus Parc et Veolia - tribuca.net,2026-01-27,tribuca.net
VIE.PA,Veolia,Veolia élargit son activité de gestion des déchets dangereux aux États-Unis - Zonebourse Suisse,2026-01-27,Zonebourse Suisse
VIE.PA,Veolia,"Serre-Ponçon : une baisse des tarifs de Veolia pour l’assainissement, accueillie avec prudence par l’association de défense des usagers — ram05 - ram05",2026-01-26,ram05
VIE.PA,Veolia,VEOLIA ENVIRONNEMENT : La situation technique est plutôt incertaine - Boursorama,2026-01-26,Boursorama
VIE.PA,Veolia,"L'équivalent de l'ensemble de la production nucléaire mondiale: Veolia affirme que le potentiel de production d'énergie à partir des déchets en Europe est ""massif"" - BFM",2026-01-14,BFM
VIE.PA,Veolia,Veolia obtient un double A auprès du CDP en 2025 - Veolia,2026-01-09,Veolia
VIE.PA,Veolia,Faux agents Veolia : deux Boulonnais condamnés pour une série de vols ciblant des personnes âgées - nordlittoral.fr,2026-01-23,nordlittoral.fr
VIE.PA,Veolia,"Des technologies de Veolia amélioreront la qualité des eaux du fjord d’Oslo - Revue L'Eau, L'Industrie, Les Nuisances",2026-01-15,"Revue L'Eau, L'Industrie, Les Nuisances"
VIE.PA,Veolia,"REPORTAGE. « La consommation d’eau potable de milliers d’habitants » : en Anjou, le chien renifleur traque les fuites - Ouest-France",2026-01-24,Ouest-France
EN.PA,Bouygues,B&You Pure Fibre : Bouygues Telecom scinde en deux son offre internet vedette - Les Numériques,2026-01-26,Les Numériques
EN.PA,Bouygues,Projet d’antenne dans le quartier Noès de Pessac : Bouygues fait suspendre l’arrêté d’opposition de la Ville - Sud Ouest,2026-01-27,Sud Ouest
EN.PA,Bouygues,"Bouygues Telecom l'annonce, un client B&YOU va vivre une journée de rêve le vendredi 13 février - Clubic",2026-01-26,Clubic
EN.PA,Bouygues,Ce forfait 5G avec 150 Go sur le réseau de Bouygues est à moins de 8 € par mois - Numerama,2026-01-25,Numerama
EN.PA,Bouygues,VIDEO - Comment Bouygues gagne (vraiment) son argent ? - Les Echos,2026-01-27,Les Echos
EN.PA,Bouygues,"“Giga Jackpot”, Bouygues Telecom fait gagner 100 000 euros à ses abonnés B&YOU - Univers Freebox",2026-01-27,Univers Freebox
EN.PA,Bouygues,Rambouillet : le braqueur de la boutique Bouygues arrêté à Toulouse - Actu.fr,2026-01-26,Actu.fr
EN.PA,Bouygues,Bouygues Telecom revoit son offre B&You Pure Fibre en profondeur - CCM - Comment Ça Marche,2026-01-27,CCM - Comment Ça Marche
EN.PA,Bouygues,"Nominations chez Macro Advisory Partners, Hyundai, Pierre & Vacances-Center Parcs, Bouygues Telecom et Oliver Wyman - Les Echos",2026-01-26,Les Echos
EN.PA,Bouygues,"La vente de SFR finalisée avant la prochaine élection présidentielle? Bouygues, Orange et Free envisagent de relever leur offre de rachat autour de 20 milliards d’euros - BFM",2026-01-22,BFM
